{
    "0": [
        [
            1,
            3
        ],
        [
            3,
            3,
            2,
            4,
            2
        ],
        [
            [
                0.0,
                0.0,
                0.0,
                0.0,
                0.0,
                0.0
            ],
            [
                0.125,
                0.125,
                0.041666666666666664,
                0.0,
                0.08333333333333333,
                0.08333333333333333
            ],
            [
                0.0,
                0.0,
                0.0,
                0.0,
                0.0,
                0.0
            ],
            [
                0.0,
                0.0,
                0.041666666666666664,
                0.0,
                0.0,
                0.0
            ],
            [
                0.0,
                0.0,
                0.0,
                0.0,
                0.0,
                0.0
            ],
            [
                0.0,
                0.0,
                0.0,
                0.0,
                0.0,
                0.0
            ],
            [
                0.08333333333333333,
                0.041666666666666664,
                0.125,
                0.125,
                0.041666666666666664,
                0.08333333333333333
            ],
            [
                0.0,
                0.0,
                0.0,
                0.0,
                0.0,
                0.0
            ]
        ]
    ],
    "1": [
        [
            -2,
            2
        ],
        [
            1,
            1,
            1,
            1
        ],
        [
            [
                0.0,
                0.0,
                0.0,
                0.0,
                0.0,
                0.0
            ],
            [
                0.125,
                0.125,
                0.041666666666666664,
                0.0,
                0.08333333333333333,
                0.08333333333333333
            ],
            [
                0.0,
                0.0,
                0.125,
                0.0,
                0.0,
                0.0
            ],
            [
                0.0,
                0.0,
                0.041666666666666664,
                0.0,
                0.0,
                0.0
            ],
            [
                0.0,
                0.0,
                0.0,
                0.0,
                0.0,
                0.0
            ],
            [
                0.0,
                0.0,
                0.0,
                0.0,
                0.0,
                0.0
            ],
            [
                0.08333333333333333,
                0.041666666666666664,
                0.0,
                0.125,
                0.041666666666666664,
                0.08333333333333333
            ],
            [
                0.0,
                0.0,
                0.0,
                0.0,
                0.0,
                0.0
            ]
        ]
    ],
    "2": [
        [
            1,
            2
        ],
        [
            3,
            2,
            2,
            4,
            3
        ],
        [
            [
                0.0,
                0.0,
                0.0,
                0.0,
                0.0,
                0.0
            ],
            [
                0.125,
                0.125,
                0.0,
                0.0,
                0.08333333333333333,
                0.08333333333333333
            ],
            [
                0.0,
                0.0,
                0.125,
                0.0,
                0.0,
                0.0
            ],
            [
                0.0,
                0.041666666666666664,
                0.041666666666666664,
                0.0,
                0.0,
                0.0
            ],
            [
                0.0,
                0.0,
                0.0,
                0.0,
                0.0,
                0.0
            ],
            [
                0.0,
                0.0,
                0.0,
                0.0,
                0.0,
                0.0
            ],
            [
                0.08333333333333333,
                0.041666666666666664,
                0.0,
                0.125,
                0.041666666666666664,
                0.08333333333333333
            ],
            [
                0.0,
                0.0,
                0.0,
                0.0,
                0.0,
                0.0
            ]
        ]
    ],
    "3": [
        [
            -2,
            3
        ],
        [
            1,
            3,
            2
        ],
        [
            [
                0.0,
                0.0,
                0.0,
                0.0,
                0.0,
                0.0
            ],
            [
                0.125,
                0.125,
                0.0,
                0.0,
                0.08333333333333333,
                0.08333333333333333
            ],
            [
                0.0,
                0.0,
                0.125,
                0.0,
                0.0,
                0.0
            ],
            [
                0.0,
                0.041666666666666664,
                0.041666666666666664,
                0.0,
                0.0,
                0.0
            ],
            [
                0.0,
                0.0,
                0.0,
                0.0,
                0.0,
                0.0
            ],
            [
                0.0,
                0.0,
                0.0,
                0.0,
                0.0,
                0.0
            ],
            [
                0.08333333333333333,
                0.041666666666666664,
                0.125,
                0.0,
                0.041666666666666664,
                0.08333333333333333
            ],
            [
                0.0,
                0.0,
                0.0,
                0.0,
                0.0,
                0.0
            ]
        ]
    ],
    "4": [
        [
            1,
            0
        ],
        [
            2,
            2,
            1
        ],
        [
            [
                0.0,
                0.0,
                0.0,
                0.0,
                0.0,
                0.0
            ],
            [
                0.0,
                0.125,
                0.0,
                0.0,
                0.08333333333333333,
                0.08333333333333333
            ],
            [
                0.125,
                0.0,
                0.125,
                0.0,
                0.0,
                0.0
            ],
            [
                0.0,
                0.041666666666666664,
                0.041666666666666664,
                0.0,
                0.0,
                0.0
            ],
            [
                0.0,
                0.0,
                0.0,
                0.0,
                0.0,
                0.0
            ],
            [
                0.0,
                0.0,
                0.0,
                0.0,
                0.0,
                0.0
            ],
            [
                0.08333333333333333,
                0.041666666666666664,
                0.125,
                0.0,
                0.041666666666666664,
                0.08333333333333333
            ],
            [
                0.0,
                0.0,
                0.0,
                0.0,
                0.0,
                0.0
            ]
        ]
    ],